bioguide,thomas,govtrack,twitter,facebook,youtube_id,twitter_id,youtube,instagram,instagram_id
R000600,'02222',412664,RepAmata,aumuaamata,UCGdrLQbt1PYDTPsampx4t1A,3026622545,,,
Y000064,'02019',412428,SenToddYoung,SenatorToddYoung,UCuknj4PGn91gHDNAfboZEgQ,234128524,RepToddYoung,sentoddyoung,
E000295,'02283',412667,SenJoniErnst,senjoniernst,UCLwrmtF_84FIcK3TyMs4MIw,2856787757,,senjoniernst,1582702853
T000476,'02291',412668,senthomtillis,SenatorThomTillis,UCUD9VGV4SSGWjGdbn37Ea2w,2964174789,,senthomtillis,
Y000062,'01853',412211,RepJohnYarmuth,'214258646163',UCy5KW4yrEfEiyZRX45Eoxkg,384913290,RepJohnYarmuth,,
Y000033,'01256',400440,RepDonYoung,RepDonYoung,UCg5ZIR5-82EbJiNeI1bqT-A,37007274,RepDonYoung,,
W000809,'01991',412402,Rep_SteveWomack,RepSteveWomack,UCXJbUDLYX-wGIhRuN66hqZw,234469322,CongressmanWomack,,
W000808,'02004',412412,RepWilson,RepWilson,UCP5QBhng_lHv-vJgE_h7lpA,234014087,repfredericawilson,repwilson,
W000806,'02002',412410,RepWebster,RepWebster,UCCoX4VdU7U11eGEA0lbRtLw,281540744,repdanwebster,,
W000805,'01897',412321,MarkWarner,MarkRWarner,UCwyivNlEGf4sGd1oDLfY5jw,7429102,SenatorMarkWarner,senatorwarner,515327940
W000804,'01886',412255,RobWittman,RepRobWittman,UCIqIb-OaTbkIdU426eYIdPg,15356407,RobWittman,reprobwittman,
W000802,'01823',412247,SenWhitehouse,SenatorWhitehouse,UCnG0N70SNBkNqvIMLodPTIA,242555999,SenatorWhitehouse,SenWhitehouse,
W000800,'01879',412239,PeterWelch,PeterWelch,UC0YfApJx6qNaAQ-ir93U8xA,1410590874,reppeterwelch,reppeterwelch,1559860900
W000798,'01855',412213,RepWalberg,RepWalberg,UChpf3_3Wn8f3qSJbsYXrhvg,237862972,RepWalberg,repwalberg,
W000797,'01777',400623,RepDWStweets,RepDWS,UCfHQiJVvMlYbVAxrMSLdO4w,1140648348,RepWassermanSchultz,RepDWSTweets,
W000795,'01688',400433,RepJoeWilson,JoeWilson,UC3aR1B8m7Z1uycO65yDnpCg,254082173,RepJoeWilson,repjoewilson,519685522
W000791,'01596',400419,RepGregWalden,repgregwalden,UCyaDp6ANSM9tvW7Y3LT_4KQ,32010840,RepGregWalden,repgregwalden,382962594
W000779,'01247',300100,RonWyden,,UCsd3UEaoLoqX60P88BdpGGw,250188760,senronwyden,ronwyden,9443881
W000437,'01226',400432,SenatorWicker,SenatorWicker,UCIlKHiTjSkcQP_knBcXHWSg,264219447,SenatorWicker,senatorwicker,367948073
W000187,'01205',400422,RepMaxineWaters,MaxineWaters,UCOQ2js1VYFlo74n7Ns8WsLQ,36686040,MaxineWaters,repmaxinewaters,
V000128,'01729',400415,ChrisVanHollen,chrisvanhollen,UCkpfJWu1N9Okd6PE_NidtBQ,18137749,RepChrisVanHollen,chrisvanhollen,268595235
V000108,'01188',400417,RepVisclosky,repvisclosky,UC9njNo6tTComo9Kn7imz7Mg,193872188,PeteVisclosky1,,
V000081,'01184',400416,NydiaVelazquez,'8037068318',UCqMKPkKeeHFOOiZ9vxhXGVg,164369297,nydiavelazquez,,
U000039,'01567',400413,SenatorTomUdall,senatortomudall,UCADpIVS6bxOcr-uWnJCC9pQ,60828944,senatortomudall,senatortomudall,
U000031,'01177',400414,RepFredUpton,RepFredUpton,UCsN16IzEo4ViZNEMgeCrQ7w,124224165,RepFredUpton,RepFredUpton,
T000470,'01997',412405,RepTipton,CongressmanScottTipton,UCh9ssh1dvzpr1HOWaFm8rcg,242873057,RepScottTipton,repscotttipton,
T000469,'01942',412319,RepPaulTonko,reppaultonko,UC3P2SGFmmuCYRsjeso0hOQQ,84119348,reppaultonko,reppaultonko,
T000468,'01940',412318,RepDinaTitus,CongresswomanTitus,UC_US4jNqECuMSNrB7yVCbbw,122174004,CongresswomanTitus,dinatitusnv,1110185253
T000467,'01952',412317,CongressmanGT,CongressmanGT,UCNWX7lbWWvnNdzVMFI9DRiQ,18967498,CongressmanGT,congressman_gt,
T000464,'01829',412244,SenatorTester,senatortester,UCgXAF-CON1coZFMxQkfj0fg,515822213,senatorjontester,,
T000463,'01741',400411,RepMikeTurner,RepMikeTurner,UC-6Ss-aZ3OPisf9GdVGtN8g,51228911,CongressmanTurner,repmiketurner,
T000461,'02085',400408,SenToomey,senatortoomey,UCDUM4FFU1p-_YuHqmBglyXw,221162525,sentoomey,,
T000460,'01593',400403,RepThompson,RepMikeThompson,UC6pGbtqHZYZmScFGSz5bbdg,303861808,CongressmanMThompson,,
T000250,'01534',400546,SenJohnThune,,UCRu6lpRfxhkDGUrKDgQNZYQ,296361085,johnthune,senjohnthune,
T000238,'01155',400404,MacTXPress,repmacthornberry,UCIfCqubtIZnQDwDS8YNmL2A,377534571,RepMacThornberry,,
T000193,'01151',400402,BennieGThompson,CongressmanBennieGThompson,UCzt2pBxh0dI24kYrWretXRw,82453460,RepBennieThompson,benniegthompson,347410575
S001189,'02009',412417,AustinScottGA08,RepAustinScott,UC5M7eKHKQStktMyjieiHYZQ,234797704,RepAustinScott,,
S001187,'02047',412461,RepSteveStivers,'116058275133542',UCfZrE20pIcR-LeFUV7r2Ixw,211420609,RepSteveStivers,RepSteveStivers,
S001185,'01988',412396,RepTerriSewell,RepSewell,UCHkEHtfrfUWOFtbUFQTQH7Q,381152398,RepSewell,,
S001184,'02056',412471,SenatorTimScott,SenatorTimScott,UCSfAsbG80CNInSKrtpKoL-w,217543151,SenatorTimScott,SenatorTimScott,
S001183,'01994',412399,RepDavid,repdavidschweikert,UCVvuNVzkOUp7p_Pzkc6Zuvw,229197216,RepDavidSchweikert,repdavid,181147397
S001181,'01901',412323,SenatorShaheen,SenatorShaheen,UCjLZAZMbDrybHyttdEC9LFA,109287731,senatorshaheen,senatorshaheen,
S001180,'01950',412315,RepSchrader,repschrader,UCrWRXVaGJtcImc_kknuDsAw,20545793,repkurtschrader,,
S001177,'01962',412312,Kilili_Sablan,'153423912663',UC-fbzxBSiC98eAE2goaANVQ,926446070812602371,CongressmanSablan,kilili_sablan,
S001176,'01892',412261,SteveScalise,RepSteveScalise,UCmYveHBVXVBRxl7GiCL-gjw,1209417007,RepSteveScalise,stevescalise,1210937919
S001175,'01890',412259,RepSpeier,JackieSpeier,UCevmyTb0HSO8irVaR2gYyoA,24913074,jackiespeierca12,jackiespeier,
S001172,'01860',412217,RepAdrianSmith,,UCIgn2z-hwxx_aeggnyhv54Q,296245061,RepAdrianSmith,RepAdrianSmith,
S001165,'01818',412186,RepSires,'81058818750',UCfdEcWPNGoIxpYoTANF4PBA,18696134,RepSiresNJ13,,
S001157,'01722',400363,RepDavidScott,'113303673339',UCgf28zRkLSqAUiPuJhGdF0w,168673083,RepDavidScott,RepDavidScott,
S001156,'01757',400355,RepLindaSanchez,CongresswomanLindaSanchez,UCu1K6uHxjMgj2mvzM7O9-ow,312134473,LindaTSanchez,,
S001150,'01635',400361,RepAdamSchiff,RepAdamSchiff,UCadiUi-KZoFk1K5ZDsluLcA,29501253,adamschiff,RepAdamSchiff,
S001148,'01590',400376,CongMikeSimpson,'96007744606',UCNXe0rJJeULTAP_7oyQNw8g,76132891,CongMikeSimpson,,
S001145,'01588',400360,JanSchakowsky,janschakowsky,UCuCHHPSENUEaaeH8n_CYDXQ,24195214,repschakowsky,,
S001217,,412838,SenRickScott,RickScottSenOffice,UC-Y9pFmW4PYGZHkC8lcqSkQ,131546062,,,
S000770,'01531',300093,SenStabenow,SenatorStabenow,UCFoDKCvxSwCUfDv-4Eg4K5A,76456274,senatorstabenow,,
S000510,'01528',400379,RepAdamSmith,RepAdamSmith,UCcrHso483LOfC6WwDnzAh-g,58928690,CongressmanAdamSmith,,
S000364,'01527',400373,RepShimkus,repshimkus,UCVXSvuk-csQRKBI0oPzcEnw,15600527,repshimkus,,
S000344,'01526',400371,BradSherman,'63158229861',UCPisrz6-SLwVy2l9Mcy8kug,30216513,shermanca27,,
S000320,'01049',300089,SenShelby,RichardShelby,UCyMzDCRZrmhr_OGDjVuAeJw,21111098,SenatorRichardShelby,,
S000248,'01042',400366,RepJoseSerrano,RepJoseSerrano,,33563161,,repjoseserrano,1422526654
S000244,'01041',400365,JimPressOffice,RepSensenbrenner,UCUNfNsc2CVsqivJ2wThQF6A,851621377,RepSensenbrenner,repjimsensenbrenner,
S000185,'01037',400364,BobbyScott,RepBobbyScott,UCdNNcpw8arCsUp55JwK_QAA,161791703,repbobbyscott,repbobbyscott,1173348983
S000148,'01036',300087,SenSchumer,senschumer,UC-ABttxh8uQv_10qmwGaidw,17494010,SenatorSchumer,,
S000033,'01010',400357,SenSanders,senatorsanders,UCD_DaKNac0Ta-2PeHuoQ1uA,29442313,senatorsanders,,
R000595,'02084',412491,SenRubioPress,SenatorMarcoRubio,UCh8t7sV_DBKz4A-RkL9feyg,229966028,SenatorMarcoRubio,,
R000591,'01986',412394,RepMarthaRoby,Representative.Martha.Roby,UCeAWQdcSTlwv2vDGz0TQOxQ,224294785,reproby,martharoby,
R000588,'02023',412432,RepRichmond,RepRichmond,UCsB66Dq8sCGwr5K3g1kqTrA,267854863,RepCedricRichmond,,
R000585,'01982',412393,RepTomReed,RepTomReed,UC-HFEKIHC7ydVUkxkZOLqTg,252819323,CongressmanTomReed,,
R000582,'01954',412310,DrPhilRoe,DrPhilRoe,UC8muYurPSNO8x2Qqk40mVOA,52503751,drphilroe,drphilroe,
R000577,'01756',400352,RepTimRyan,timryan,UCjAFlYCheFKjGg_Pxc2VOFA,13491312,timryanvision,,
R000576,'01728',400349,Call_Me_Dutch,DutchRupp,UCk2S9iSHNpo1E1A7qZ0SPIw,305620929,ruppersberger,dutchruppersberger,
R000575,'01704',400341,RepMikeRogersAL,CongressmanMikeDRogers,UCH-WUWuY0_dlKwJDSqKTJsg,33977070,MikeRogersAL03,repmikerogersal,259435765
R000515,'01003',400350,RepBobbyRush,congressmanbobbyrush,UCbWqxBnS_w_uFTdQAL0YH5g,305216911,CongressmanRush,,
R000486,'00997',400347,RepRoybalAllard,RepRoybalAllard,UC_T_RXWeJ-smmpjdNLOaMcg,479872233,RepRoybalAllard,RepRoybalAllard,
R000395,'00977',400340,RepHalRogers,CongressmanHalRogers,UChVFKLZkRoHQDhp4zNvEezQ,550401754,RepHalRogers,rephalrogers,
R000307,'00968',300083,SenPatRoberts,SenPatRoberts,UCRpswvC8LgxzE9AYSFpqUgw,75364211,SenPatRoberts,,
R000122,'00949',300081,SenJackReed,SenJackReed,UCT_aFVtsjxPwWKfO-PW_hPw,486694111,SenatorReed,,
Q000023,'01967',412331,RepMikeQuigley,repmikequigley,UCDP13XegdoZ4bxYHxM34yAA,56864092,RepMikeQuigley,repmikequigley,1403659583
P000603,'02082',412492,RandPaul,SenatorRandPaul,UCeM9I-20oWUs8daIIpsNHoQ,216881337,SenatorRandPaul,senatorrandpaul,541357095
P000601,'02035',412443,CongPalazzo,stevenpalazzo,UCtPOy2vRbN2nD8dQPSOTXeA,299883942,CongressmanPalazzo,congressmanpalazzo,
P000599,'01915',412309,CongBillPosey,bill.posey15,UCoUwUkDpe1ZYd6tiaZfiMuA,25086658,CongressmanPosey,,
P000597,'01927',412307,ChelliePingree,ChelliePingree,UCLKaWFM7I84WcreDRhhhkVg,14984637,congresswomanpingree,,
P000595,'01929',412305,SenGaryPeters,SenGaryPeters,UC7LYNbnKSK2VZqQ98YROWHQ,236511574,RepGaryPeters,sengarypeters,1640246681
P000593,'01835',412192,RepPerlmutter,RepPerlmutter,UCJXuMAzxngpEvDdvlE6wS5g,20552026,RepPerlmutter,,
P000523,'00930',400326,RepDavidEPrice,RepDavidEPrice,UCtX7bSXBLF9ge-Q955n5Vqw,155669457,RepDavidPrice,repdavideprice,
P000449,'00924',400325,SenRobPortman,senrobportman,UCwunkd8Zs-yAWKQwnwBp7ew,18915145,SenRobPortman,senrobportman,370356159
P000197,'00905',400314,SpeakerPelosi,NancyPelosi,UCxPeEcH0xaCK9nBK98EFhDg,15764644,nancypelosi,,
P000096,'01510',400309,BillPascrell,pascrell,UCIy1Ru8oA14aRjpq6L3i-EQ,74508260,RepPascrell,,
P000034,'00887',400308,FrankPallone,repfrankpallone,UCN0_wn9hs1LI3UKkji2PP2A,31801993,repfrankpallone,repfrankpallone,
O000168,'01955',412302,RepPeteOlson,Rep.PeteOlson,,20053279,,reppeteolson,
N000181,'01710',400297,RepDevinNunes,,UCtbArL6CmOfFqgmpuRjLp3w,344972339,RepDevinNunes,,
N000179,'01602',400290,GraceNapolitano,RepGraceNapolitano,UCPWjmiAIR04oQ8QMoOWcDtA,161411080,RepGraceNapolitano,repgracenapolitano,
N000147,'00868',400295,EleanorNorton,CongresswomanNorton,UChRrAXUGylfxJjbquC6aUjQ,23600262,EleanorHNorton,,
N000015,'00854',400291,RepRichardNeal,reprichardneal,UCZVtTydu0-MSK6G12GaKA4g,442824717,RepRichardENeal,,
N000002,'00850',400289,RepJerryNadler,CongressmanNadler,UCQKj0qU1e7o2f5ftSh-c9aQ,40302336,congressmannadler,,
M001183,'01983',412391,Sen_JoeManchin,JoeManchinIII,UCGyPK_ye2ptpzQgOjKIn7ag,234374703,SenatorJoeManchin,,
M001180,'02074',412487,RepMcKinley,RepMcKinley,UCt7BWx4b8ubXa-PneAu103g,240427862,RepDavidMcKinley,,
M001177,'01908',412295,RepMcClintock,'81125319109',UCMh04KC4LfIzKoXh2Xws_pw,50152441,McClintockCA04,,
M001176,'01900',412325,SenJeffMerkley,jeffmerkley,UCRoXttCJhMnLVCxCaa6VnNQ,29201047,SenatorJeffMerkley,senjeffmerkley,501463589
M001166,'01832',412189,RepMcNerney,jerrymcnerney,UClUOx6F8GKshxGBUBLkisug,385429543,RepJerryMcNerney,,
M001165,'01833',412190,GOPLeader,CongressmanKevinMcCarthy,UCdJUZUFSLJRlUpE-91-6DsA,19739126,repkevinmccarthy,RepKevinMcCarthy,
M001163,'01814',400663,DorisMatsui,doris.matsui,UCSqqxVkvskHq3cY2MCbTZsw,38254095,RepDorisMatsui,repdorismatsui,
M001160,'01811',400661,RepGwenMoore,GwenSMoore,UCCs9o1XaSsCsqNpO0iO0_Ew,22669526,RepGwenMoore,RepGwenMoore,
M001159,'01809',400659,CathyMcMorris,mcmorrisrodgers,UCRp0lwIxAhq2Ia9_YgRWUkg,17976923,mcmorrisrodgers,cathymcmorris,
M001158,'01806',400656,RepKenMarchant,RepKennyMarchant,UCQpnTMp5TdTRWEes8cjIfyQ,23976316,RepKennyMarchant,,
M001157,'01804',400654,RepMcCaul,michaeltmccaul,UCRw6sGE0PH7_FCeTT3PQRaA,26424123,MichaelTMcCaul,congressman_mccaul,
M001156,'01792',400644,PatrickMcHenry,CongressmanMcHenry,UCY3PTRhkSH-eoltxPVZKD-w,27676828,CongressmanMcHenry,reppatrickmchenry,353406473
M001153,'01694',300075,LisaMurkowski,SenLisaMurkowski,UCaigku16AErqvD0wRuwGb9A,18061669,senatormurkowski,senlisamurkowski,
M001143,'01653',400259,BettyMcCollum04,repbettymccollum,UC3sZJSdiZo2EBHbsOlsnI7A,516880804,BMcCollum04,repbettymccollum,
M001137,'01506',400271,RepGregoryMeeks,gregorymeeksny05,UCljJnwgQS6Z6-NypDyqKJZQ,22812754,gwmeeks,repgregorymeeks,
M001111,'01409',300076,PattyMurray,,UCb8jq3TvQ3AzKsexhWfFLoA,293131808,SenatorPattyMurray,senpattymurray,426137845
M000934,'01507',400284,JerryMoran,jerrymoran,UC1oRxeUPam6-53wPBZ3N02A,18632666,senatorjerrymoran,senjerrymoran,298271065
M000639,'00791',400272,SenatorMenendez,senatormenendez,UC0PV0K9Z5a9p3D5917KF5fw,18695134,SenatorMenendezNJ,senatormenendez,433044338
M000355,'01395',300072,McConnellPress,mitchmcconnell,,339822881,,mcconnellpress,
M000312,'01504',400263,RepMcGovern,RepJimMcGovern,UCpiUqp2ZF64tXqgR_EQo27g,242426145,repjimmcgovern,repmcgovern,
M000133,'00735',400253,SenMarkey,EdJMarkey,UCT1ujew5yQy2uMhGrjiKHoA,21406834,RepMarkey,,
M000087,'00729',400251,RepMaloney,RepCarolynMaloney,,258900199,carolynbmaloney,repmaloney,
L000577,'02080',412495,SenMikeLee,senatormikelee,UCplVxs_j_sLAt0fkplXcl4A,88784440,senatormikelee,senmikelee,391361701
L000576,'02033',412445,USRepLong,Rep.Billy.Long,UCLQcbyxpHXXAsUJckscQY8g,1444015610,MOdistrict7,,
L000575,'02050',412464,SenatorLankford,SenatorLankford,UCz8T6sK5fEycyWmVz6Vpe5Q,225921757,SenatorLankford,senatorlankford,1552251018
L000570,'01939',412293,RepBenRayLujan,RepBenRayLujan,UCcO5AmF8HuJo4d0awEbst7Q,19318314,Repbenraylujan,repbenraylujan,1409819789
L000569,'01931',412292,RepBlaine,BlaineLuetkemeyer,UCifiiQclKbBBrkSbCnN6REg,1849261916,BLuetkemeyer,,
L000566,'01885',412256,BobLatta,boblatta,UCVSBVHoWu-eWnBBQaMKZ_sQ,15394954,CongressmanBobLatta,boblatta,26367713
L000565,'01846',412209,DaveLoebsack,DaveLoebsack,UC0biZWEJAKHctxbmXfXJnOg,510516465,congressmanloebsack,,
L000564,'01834',412191,RepDLamborn,CongressmanDougLamborn,UCaYsGYMniq4nwBBMKFIwsow,584012853,CongressmanLamborn,douglamborn,
L000563,'01781',400630,RepLipinski,repdanlipinski,UC4-dyxzIODTMk1-12QPEpoQ,1009269193,lipinski03,,
L000562,'01686',400249,RepStephenLynch,repstephenlynch,UCxL4zG0YWqC5XTO4af_FOgw,310310133,RepLynch,repstephenlynch,
L000560,'01675',400232,RepRickLarsen,RepRickLarsen,UCMv7LsJtiyO4AJcbRux5CxQ,404132211,congressmanlarsen,repricklarsen,
L000559,'01668',400230,JimLangevin,CongressmanJimLangevin,UCQ1sth-7umw1k-fSVqdfRTg,18909919,jimlangevin,,
L000557,'01583',400233,RepJohnLarson,RepJohnLarson,UCGPsvFF-9WfpdRSCcCrPLiQ,50452197,RepJohnLarson,RepJohnBLarson,
L000551,'01501',400237,RepBarbaraLee,RepBarbaraLee,UCnRgK2MXAQOUau0JXqseeNA,248735463,RepLee,repbarbaralee,1415801245
L000491,'00711',400247,RepFrankLucas,RepFrankLucas,UCdYZbKY8pkWAThqwC3fdVMg,242772524,RepFrankLucas,,
L000480,'00709',400246,NitaLowey,RepLowey,UCkmeBYqhbomcWNNWzQCqcbg,221792092,nitalowey,nitalowey,
L000397,'00701',400245,RepZoeLofgren,zoelofgren,UCOaQ79adORFcaTuJZoIFuZQ,267938462,RepZoeLofgren,,
L000174,'01383',300065,SenatorLeahy,SenatorPatrickLeahy,UC46QHVobf7FO-tWehsRoDog,242836537,SenatorPatrickLeahy,senatorleahy,
K000378,'02014',412421,RepKinzinger,RepKinzinger,UCjDHxyjndxxhjuPWyEBc7UA,219429281,RepAdamKinzinger,,
K000376,'02051',412465,MikeKellyPA,'191056827594903',UCoz6u3ooQxoijsWvhoQ0D-A,935368364,repmikekelly,,
K000375,'02025',412435,USRepKeating,Congressman.Keating,UC7KPV4xdxO2dms9vl6tETmg,232992031,RepBillKeating,,
K000362,'01724',400220,SteveKingIA,stevekingia,UCvdJ--cxsVyght3ZDise0mw,48117116,stevekingia,,
K000210,'00635',400219,RepPeteKing,,UCbyQC19DsAq01oDBfZn_diw,18277655,RepPeterKing,,
K000188,'01498',400218,RepRonKind,repronkind,UC0_BilariURHwSHf9baGykg,112740986,RepRonKind,,
K000009,'00616',400211,RepMarcyKaptur,RepresentativeMarcyKaptur,UCIJUNf22o09nO02oQPLKQ6w,581141508,USRepMarcyKaptur,repmarcykaptur,
J000293,'02086',412496,SenRonJohnson,senronjohnson,UCG9XyTVtOAs7VX_q_QVHoaw,233737858,SenatorRonJohnson,senronjohnson,
J000292,'02046',412460,RepBillJohnson,RepBillJohnson,UCtF08Ay71haDRoJosRN2P_Q,211530910,RepBillJohnson,repbilljohnson,763495818
J000289,'01868',412226,Jim_Jordan,repjimjordan,UCPFBhS00ivPV585GlnNlyqA,18166778,RepJimJordan,,
J000288,'01843',412199,RepHankJohnson,'115356957005',UCqMici9I7nz_i-PN7eSYjwQ,24745957,RepHankJohnson,rephankjohnson,
J000300,,412741,sendougjones,senatordougjones,UCL8akobkoN2lB5U3kaEjdBw,941080085121175552,,,
J000126,'00599',400204,RepEBJ,CongresswomanEBJtx30,UCVKp8BtjW708H4eXJJQgUYw,168502762,RepEddieBJohnson,repebj,
J000032,'00588',400199,JacksonLeeTX18,CongresswomanSheilaJacksonLee,UCi_S-mOZaEco2Zb9guf_8Iw,80612021,TX18SJL,,
I000024,'00583',300055,InhofePress,jiminhofe,UCk3W3ilX8vGG-300qzNpG7w,20546536,jiminhofepressoffice,,
H001061,'02079',412494,SenJohnHoeven,SenatorJohnHoeven,UC1kQIC2Q_Fq9_NRqdb6eHiw,382791093,senatorjohnhoevennd,senjohnhoeven,1237544252
H001058,'02028',412437,RepHuizenga,RepHuizenga,UCQPlLLiMnysMmeJ5qUSSjQg,233949261,RepHuizenga,RepHuizenga,
H001056,'02071',412486,HerreraBeutler,herrerabeutler,UCJEgiA9clfx0amrQUj0aBTQ,242926427,RepHerreraBeutler,herrerabeutler,
H001053,'02032',412444,RepHartzler,Congresswoman.Hartzler,UCAvttUz6qBVEJiFt7p_MZxw,237763317,repvickyhartzler,rephartzler,787899303
H001047,'01913',412282,JAHimes,CongressmanJimHimes,UCCeB6czh6nhCHxOMCk_V4yA,31611298,congressmanhimes,,
H001046,'01937',412281,MartinHeinrich,MartinHeinrich,UCBxh8IK5sMxY0Ln_0G2NYcg,1099199839,SenMartinHeinrich,senatormartinheinrich,285288987
H001042,'01844',412200,MazieHirono,senatorhirono,UCcoKhxad156flzPYJ8JMFOA,92186819,CongresswomanHirono,maziehirono,304094084
H001038,'01794',400641,RepBrianHiggins,RepBrianHiggins,UCSGbv85HaaYYOrPGePtxwag,33576489,CongressmanHiggins,repbrianhiggins,
H000874,'00566',400189,LeaderHoyer,WhipHoyer,UCvxgqX65cdhHNjJn64cgY9g,22012091,LeaderHoyer,repstenyhoyer,51616645
H000324,'00511',400170,RepHastingsFL,'95696782238',UCaXXiR3YjMuPIlIGRGNnm8A,2433737761,RepAlceeHastings,,
G000568,'02070',412485,RepMGriffith,RepMorganGriffith,UCzxqD7EY_Rdvbc0spbaYkJA,234057152,RepMorganGriffith,hmorgangriffith,
G000565,'01992',412397,RepGosar,repgosar,UC5orqw_9acsKWSRbrqTDXBw,240760644,repgosar,REPGOSAR,
G000563,'02049',412463,RepBobGibbs,RepBobGibbs,UC4J-kVbeE32Up-b_wTLEUmA,234822928,RepBobGibbs,repbobgibbs,
G000562,'01998',412406,SenCoryGardner,SenCoryGardner,UC7Vi5vAFb7piu_BNwrYDBxQ,235217558,,sencorygardner,1643152643
G000559,'01973',412382,RepGaramendi,repgaramendi,UCRym1qsO72C39gX6pBu4icg,88806753,garamendiCA10,repgaramendi,
G000553,'01803',400653,RepAlGreen,repalgreen,UCFtgMZm1YUXaZ8OtOj-GDjA,156333623,RepAlGreen,repalgreen,
G000552,'01801',400651,RepLouieGohmert,'50375006903',UC0HMa6X3iMhMq96kkRLLTog,22055226,GohmertTX01,,
G000551,'01708',400162,RepraulGrijalva,Rep.Grijalva,UC8JZLnXS21bhNbcvpoM8O7g,28602948,raulgrijalvaaz07,,
G000386,'00457',300048,ChuckGrassley,grassley,UCiCPRkcLMInpDeOqGkMTt4w,10615232,senchuckgrassley,senatorchuckgrassley,
G000377,'01487',400157,RepKayGranger,RepKayGranger,UCsRMtemAkyLh78MPES6gMVQ,161743731,RepKayGranger,repkaygranger,
G000359,'00452',300047,GrahamBlog,USSenatorLindseyGraham,UClLGZMA5Ei2Z8fR1PLEx6yQ,14845376,USSenLindseyGraham,,
F000461,'02065',412480,RepBillFlores,RepBillFlores,UCA7MgQ_ccBlCqoxV56B6nmA,237312687,RepBillFlores,repbillflores,
F000459,'02061',412476,RepChuck,repchuck,UCTtRrJkM-R-f2K0byCMvHgw,235190657,repchuck,,
F000455,'01895',412327,RepMarciaFudge,RepMarciaLFudge,UClmYIIhIcL-WwtBAy1Dhokg,153486399,marcialfudge,repmarciafudge,1395168201
F000450,'01791',400643,VirginiaFoxx,RepVirginiaFoxx,UCggineJcxJn80TRXxdQbx6w,16256269,repvirginiafoxx,repvirginiafoxx,
F000449,'01793',400640,JeffFortenberry,jefffortenberry,UCbWUvw3gQhbFyJzt1Nh6cAA,18805303,JeffFortenberry,,
F000062,'01332',300043,SenFeinstein,senatorfeinstein,UCtVC--6LR0ff2aOP8THpuEw,476256944,SenatorFeinstein,,
E000285,'01542',300041,SenatorEnzi,mikeenzi,UCipEXEDAKVPj_B0cQjaikEA,291756142,senatorenzi,senatorenzi,
E000215,'00355',400124,RepAnnaEshoo,RepAnnaEshoo,UCjRvhco2d59GBgA78IIIaYQ,249348006,RepAnnaEshoo,RepAnnaEshoo,
E000179,'00344',400122,RepEliotEngel,RepEliotLEngel,UCZ-ctBF-a6CYPJWDoBV_JyA,164007407,engel2161,,
D000616,'02062',412477,DesJarlaisTN04,ScottDesJarlaisTN04,UCvjuSLoi3hS0ECQvJLhwOkA,235312723,ScottDesJarlaisTN04,desjarlaistn04,260930821
D000615,'02057',412472,RepJeffDuncan,RepJeffDuncan,UC1tuXL6ymImdpKYGEAH83QA,240393970,congjeffduncan,repjeffduncan,382897929
D000610,'01976',412385,RepTedDeutch,CongressmanTedDeutch,UC1JlTLRUDkzhM2htvI9QJTA,137794015,congressmanteddeutch,repteddeutch,
D000600,'01717',400108,MarioDB,mdiazbalart,UCpEEd0Plxx5D78pI4a4mFTQ,37094727,MarioDiazBalart,repmariodb,316477657
D000563,'00326',300038,SenatorDurbin,SenatorDurbin,UCkbixlNCxcKAffEhe3X5-lw,247334603,SenatorDurbin,,
D000482,'00316',400114,USRepMikeDoyle,usrepmikedoyle,UCni9vINmgerEeVXhKCC9qbA,39249305,CongressmanDoyle,,
D000399,'00303',400111,RepLloydDoggett,lloyddoggett,UCN-kiLKyHPcfRVZ28sAHS_g,153944899,doggett,replloyddoggett,
D000216,'00281',400103,RosaDeLauro,CongresswomanRosaDeLauro,UC9ROfGBm7kSLCEDYwFF6McQ,140519774,rosadelauro,,
D000197,'01479',400101,RepDianaDeGette,DianaDeGette,UCWFQCRTHwsHg9P1Hf-EQtew,28599820,RepDianaDeGette,,
D000191,'00279',400100,RepPeterDeFazio,RepPeterDeFazio,UCIF3HunhsVgTv7L2grnq2Rg,252249233,PeterDeFazio,,
C001088,'01984',412390,ChrisCoons,senatorchriscoons,UC2lOVbsddn1HIkcDnmCw6tA,435500714,senatorchriscoons,senatorchriscoons,25194715
C001087,'01989',412400,RepRickCrawford,RepRickCrawford,UCLKAkVl4BHRK73lmDiIgPYg,233693291,RepRickCrawford,reprickcrawford,389864684
C001084,'02055',412470,RepCicilline,CongressmanDavidCicilline,UC3sCl46o8hYP69LnidNltuw,462143773,RepDavidCicilline,,
C001080,'01970',412379,RepJudyChu,RepJudyChu,UCfcbYOvdEXZNelM8T05nK-w,193732179,RepJudyChu,,
C001078,'01959',412272,GerryConnolly,CongressmanGerryConnolly,UC4WG9PlmoOeSLIuyVjs-RSA,78445977,repconnolly,,
C001072,'01889',412258,RepAndreCarson,CongressmanAndreCarson,UCprUnnEgM2VUGmAKSaZXCSw,199325935,repandrecarson,repandrecarson,
C001070,'01828',412246,SenBobCasey,SenatorBobCasey,UCtVssXhx-KuZa-hSvnsnJ0A,171598736,SenatorBobCasey,senbobcasey,
C001069,'01836',412193,RepJoeCourtney,joecourtney,UCGVIfe1T2hO1Lx7ap5Wkv1w,85396297,repcourtney,repjoecourtney,
C001068,'01878',412236,RepCohen,CongressmanSteveCohen,UC_NJlnsOBjOameUwZk0rvsA,162069635,repcohen,,
C001067,'01864',412221,RepYvetteClarke,repyvettedclarke,UC8SuQiuL2P9fUHAxuRoTdUQ,240812994,repyvetteclarke,repyvettedclarke,
C001063,'01807',400657,RepCuellar,'152569121550',UCVgEOdJx3tyILO9EjZ-heEQ,210926192,henrycuellar,,
C001062,'01805',400655,ConawayTX11,mike.conaway,UCR3dhwhVfxmmqv6ct2Xa1-g,295685416,mikeconaway11,mikeconawaytx11,
C001061,'01790',400639,RepCleaver,emanuelcleaverii,UCVC-7CLFjXczoihr5FxDLsw,163570705,repcleaver,,
C001059,'01774',400618,RepJimCosta,RepJimCosta,UCVgXX23eJEai6GiBOKO6dvA,245451804,RepJimCostaCA20,,
C001056,'01692',300027,JohnCornyn,sen.johncornyn,UCyQwLQavlOaJ64YuY_VMtiQ,13218102,senjohncornyn,,
C001053,'01742',400077,TomColeOK04,TomColeOK04,UCvqzPm_YnNkfEHpm3SEMJMQ,23124635,reptomcole,TomColeOK04,
C001051,'01752',400068,JudgeCarter,judgecarter,UC9pkaOrhPfouzkJ8oAdI-1w,18030431,repjohncarter,judgecarter,456560563
C001049,'01654',400074,,'109135405838588',UCB3yVQzlxhx3brOwaWtiXoQ,,WilliamLacyClay,,
C001047,'01676',400061,SenCapito,senshelley,UCbiXdR4XQ3vD9Xp5lfR9QXw,193794406,,sencapito,1640447624
C001035,'01541',300025,SenatorCollins,susancollins,UC6GYaBx5kT2r4PN8KENxC-w,19726613,SenatorSusanCollins,sensusancollins,
C000880,'00250',300030,MikeCrapo,mikecrapo,UCMHzKHg1BE7dEcFjnayw1lA,600463589,senatorcrapo,mikecrapo,329357214
C000754,'00231',400081,RepJimCooper,JimCooper,UCjplyIIQbNZcl013AyDfPNg,22523087,RepJimCooper,repjimcooper,1037212884
C000537,'00208',400075,WhipClyburn,jameseclyburn,UCIyU_UA_JEa14gvAwhquKqg,188019606,repjamesclyburn,,
C000266,'00186',400071,RepSteveChabot,RepSteveChabot,UCJpzm2DZDE1B6ruQLQc7q4g,237750442,congressmanchabot,repstevechabot,481906395
C000174,'00179',300019,SenatorCarper,tomcarper,UCgLnvbKwu4B3navofj6Qvvw,249787913,senatorcarper,,
C000141,'00174',400064,SenatorCardin,senatorbencardin,UCiQaJnMzlfzzG3VESgyZChA,109071031,senatorcardin,senatorcardin,
C000127,'00172',300018,SenatorCantwell,senatorcantwell,UCN52UDqKgvHRk39ncySrIMw,117501995,SenatorCantwell,,
C000059,'00165',400057,KenCalvert,'70063393423',UC5MEj7YOX_QdKoqD_HRxP3A,22545491,RepKenCalvert,repkencalvert,
B001277,'02076',412490,SenBlumenthal,SenBlumenthal,UCHH-fn3_LVt0Q4od56rOi5g,278124059,SenatorBlumenthal,,
B001275,'02018',412427,RepLarryBucshon,RepLarryBucshon,UC0bIliQs0LKZabNwvZ3gnhQ,234812598,RepLarryBucshon,,
B001274,'01987',412395,RepMoBrooks,RepMoBrooks,UCgsPSY0MpuQJq8vEqYUSt-g,237299871,RepMoBrooks,,
B001270,'01996',412404,RepKarenBass,RepKarenBass,UCQZg7oxkV3Yag2emYPLhT2g,239949176,RepKarenBass,,
B001267,'01965',412330,SenatorBennet,senbennetco,UCXB3cljpMwTyCUyLr2ZVLow,224285242,SenatorBennet,SenBennetCO,
B001261,'01881',412251,SenJohnBarrasso,johnbarrasso,UC80PfiCAB2Fe1MFayWlR6GQ,202206694,barrassowyo,,
B001260,'01840',412196,VernBuchanan,CongressmanBuchanan,UCY4DEy41NxOTdcF8_XAVZvw,20467163,vernbuchanan,repvern,344865327
B001257,'01838',412250,RepGusBilirakis,GusBilirakis,UC2z1uu1n4-60xXs5x1mvLJw,26051676,RepGusBilirakis,gusbilirakis,
B001251,'01761',400616,GKButterfield,congressmangkbutterfield,UCbodCVgLfcbaep49L1M-mqA,432676344,GKBNC01,,
B001250,'01753',400029,RepRobBishop,RepRobBishop,UCJC2BXNGQEUom7Tp7FKfxlQ,148006729,CongressmanBishop,,
B001248,'01751',400052,MichaelCBurgess,michaelcburgess,UCvvO8lo-Nkc31cEEElqQvQw,15751083,michaelcburgessmd,repmichaelburgess,
B001243,'01748',400032,MarshaBlackburn,marshablackburn,UCvNnmu5mUm7xr8QXBlbtQ9w,278145569,RepMarshaBlackburn,marshablackburn,
B001236,'01687',400040,JohnBoozman,JohnBoozman,UC9vWHKL5OfIYh6kIV0rF2yw,5558312,BoozmanPressOffice,johnboozman,
B001135,'00153',400054,SenatorBurr,SenatorRichardBurr,UCOLLZpp-1womBSFDV2uLfag,21157904,SenatorRichardBurr,senatorburr,
B000944,'00136',400050,SenSherrodBrown,SenatorSherrodBrown,UCgy8jfERh-t_ixkKKoCmglQ,43910797,SherrodBrownOhio,,
B000755,'01468',400046,RepKevinBrady,kevinbrady,UC6Ng0uMQEBVgXO_HF0NbfXA,19926675,KBrady8,repkevinbrady,337613850
B000575,'01464',400034,RoyBlunt,SenatorBlunt,UCFeLRzjhThTmaWzuh5qjpGA,21269970,SenatorBlunt,royblunt,21185436
B000574,'00099',400033,BlumenauerMedia,,UCuziVoKuGn7feNA5VrpxsBQ,137823987,RepBlumenauer,,
B000490,'00091',400030,SanfordBishop,sanfordbishop,UCxF9veLBrkr_CqVq5eFYVGg,249410485,RepSanfordBishop,,
A000367,'02029',412438,,repjustinamash,UCeg6HhoCXrS8xpON9dxtZgA,,repjustinamash,,
A000360,'01695',300002,SenAlexander,senatorlamaralexander,UChDLBjn5RWqgMmCSswT05IQ,76649729,lamaralexander,senlamaralexander,1156775647
A000055,'01460',400004,Robert_Aderholt,RobertAderholt,UC71CAgpg1gbLTew_pfTneGA,76452765,RobertAderholt,,
D000617,'02096',412505,RepDelBene,RepDelBene,UCd00b7TpKDZIr-Ujhaktvjg,995193054,,repdelbene,
B001278,'02092',412501,RepBonamici,congresswomanbonamici,UC0IkAeEiwgzSRTD1TDSvuBw,558769636,RepSuzanneBonamici,RepBonamici,
K000383,,412545,SenAngusKing,SenatorAngusSKingJr,UCpp6lGvrmt0XU_lnD4Ak0gA,1068481578,SenatorAngusKing,,
A000369,'02090',412500,MarkAmodeiNV2,MarkAmodeiNV2,UCjOGx2iqSn1r3BQxaVgYhYw,402719755,markamodeinv2,MarkAmodeiNV2,
S001193,'02104',412514,RepSwalwell,CongressmanEricSwalwell,UCKvwsFNGD4sDkE_9g-2ft0w,942156122,ericswalwell,repswalwell,338799200
M001190,'02156',412568,RepMullin,RepMullin,UCLQlm-cbGbJj9baZC6oFsag,1060370282,,,
K000379,'02172',412543,RepJoeKennedy,'301936109927957',UCgfHlaGqxD8p-2V_YlNIqrA,1055907624,,repkennedy,1328567154
B001284,'02129',412539,SusanWBrooks,congresswomansusanwbrooks,UCMd7LzaBcbQ06aKHoj9KkSQ,1074101017,SusanWBrooks,susanwbrooks,365798183
W000813,'02128',412538,RepWalorski,RepJackieWalorski,UC8fsSDjVJ_VnCF3ccx3Lkng,1065995022,repwalorski,jackiewalorski,
R000597,'02160',412572,RepTomRice,reptomrice,UCEmPVQphMGoXAfWJli68BEw,1058345042,RepTomRice,reptomrice,
M001188,'02148',412560,RepGraceMeng,repgracemeng,UCHg516zJKbIBtXFAJ0nu3XQ,1051127714,,,
M001185,'02150',412562,RepSeanMaloney,RepSeanMaloney,UCNiVzzf4Vz-vCMPBcnjGuXQ,1072467470,,repseanpatrickmaloney,
H001064,'02170',412584,RepDennyHeck,CongressmanDennyHeck,UCU89cl5_yhHzo-oTHiEyaRg,1068499286,RepDennyHeck,,
H001065,'02143',412553,RepHolding,CongressmanGeorgeHolding,UCx6IgBfJmIhXSXymnPr78hw,1058460818,repholding,repholding,
T000472,'02110',412520,RepMarkTakano,RepMarkTakano,UCJg4F1irmSFeKoXZBaZbX2w,1037321378,RepMarkTakano,repmarktakano,
J000294,'02149',412561,RepJeffries,RepHakeemJeffries,UCYVmbsjoNbQ4j-PCQIYgpWQ,467823431,,,
J000295,'02154',412566,RepDaveJoyce,RepDaveJoyce,UCTu9xz2VYk-jtQv0TVsLyYA,976969338,repdavejoyce,repdavejoyce,360743678
L000579,'02111',412521,RepLowenthal,RepLowenthal,UC-GgROtn5Hxm1H9a6qvy_Wg,1055730738,RepLowenthal,RepLowenthal,
C001093,'02121',412531,RepDougCollins,RepresentativeDougCollins,UCgKTZXOJX2UwAdLNZ4MQdig,1060487274,repdougcollins,,
W000814,'02161',412574,TXRandy14,TXRandy14,UCJSZRrAcd5i1bHLjR66PZdg,1058051748,TXRandy14,TXRandy14,
K000381,'02169',412583,RepDerekKilmer,derek.kilmer,,1058917562,,,
G000571,'02122',412532,TulsiPress,RepTulsiGabbard,UCkQmC0YfIU4388Tu0_k4esA,1064206014,tulsipress,,
D000618,'02138',412549,SteveDaines,SteveDainesMT,UC-ny-W5mEUGytiyMdXbQ20Q,11651202,SteveDainesMT,stevedaines,371125857
Y000065,'02115',412525,RepTedYoho,CongressmanTedYoho,UCGmDQgEgP2Z0NjavmnS9Hwg,1071900114,RepTedYoho,,
K000382,'02145',412557,RepAnnieKuster,CongresswomanAnnieKuster,UCYAD_Eti2b5gXSicbgPsBYA,1058717720,RepKuster,,
K000380,'02134',412546,RepDanKildee,RepDanKildee,UC_KpQ-n3IT5dL5ul21XA9Yw,1045110018,RepDanKildee,repdankildee,582887115
C001090,'02159',412571,RepCartwright,CongressmanMattCartwright,UCnAOvexSGLBnYidaFzguhTQ,776664410,,repmattcartwright,
C001095,'02098',412508,SenTomCotton,SenatorTomCotton,UCXEk6mokWBajIpNatbjnwSg,968650362,RepTomCotton,,
B001286,'02127',412537,RepCheri,RepCheri,UCrkOYuIsVeb4dvKeeO7jnaA,1092979962,RepCheri,,
B001287,'02102',412512,RepBera,RepAmiBera,UClJCTCo53Zk6b4kUL-bbdzg,950783972,repamibera,,
F000454,'01888',412257,RepBillFoster,CongressmanBillFoster,UCicixINQr_-3cFHI2bJzFpQ,1080509366,RepBillFoster,,
F000462,'02119',412529,RepLoisFrankel,RepLoisFrankel,UCEk5viAhxaW_2OK20-yBwzQ,1077121945,reploisfrankel,reploisfrankel,
H001067,'02140',412550,RepRichHudson,RepRichHudson,UC9Q1qCvnQR7rHERjTjJl5Pg,935033864,RepRichHudson,,
V000131,'02166',412579,RepVeasey,CongressmanMarcVeasey,UC2CRp1KF5uljZyhDRPR-72Q,1074129612,marcveasey,repveasey,676925345
V000132,'02167',412580,RepFilemonVela,USCongressmanFilemonVela,,1083448909,RepFilemonVela,repfilemonvela,
P000605,'02157',412569,RepScottPerry,repscottperry,UCzgrU5PT_HHRgf5hXPen4dQ,18773159,RepScottPerry,repscottperry,519463466
R000599,'02109',412519,RepRaulRuizMD,CongressmanRaulRuizMD,UCSDk-cyNPCo1iy6rweSPmBw,1089859058,repraulruiz,,
C001094,'02103',412513,RepPaulCook,RepPaulCook,UCqK--hf5cuvg7BR_oisyRiA,1074412920,RepPaulCook,,
C001096,'02144',412555,SenKevinCramer,CongressmanKevinCramer,UCqUPdO9XaAW-dvwwXKbIVdA,1048784496,kevincramer,repkevincramer,
W000812,'02137',412548,RepAnnWagner,RepAnnWagner,UCy2v2DXXvQnbRc8Zx77Dnsg,1051446626,,repannwagner,
W000817,'02182',412542,SenWarren,senatorelizabethwarren,UCTH9zV8Imw09J5bOoTR18_A,970207298,senelizabethwarren,senwarren,
D000619,'02126',412536,RodneyDavis,RepRodneyDavis,UCiGPTfpwRxqQp0Bam5S8zwA,993153006,RepRodneyDavis,reprodneydavis,
S001192,'02168',412581,RepChrisStewart,RepChrisStewart,UCKYqzTvmQVWys-WhrCkbyPw,1072008757,repchrisstewart,repChrisStewart,
B001282,'02131',412541,RepAndyBarr,RepAndyBarr,UCVL2s6x7f7H0ZJ-uwU0pQ6Q,1089334250,RepAndyBarr,,
C001098,'02175',412573,SenTedCruz,SenatorTedCruz,UCOTZ-6H1rri1lSsj6IzhUyw,1074480192,sentedcruz,,
D000096,'01477',400093,RepDannyDavis,CongressmanDKDavis,UCdhrT09_XMr31tuI8OcKsjQ,789244177,dannykdavis07,,
G000546,'01656',400158,RepSamGraves,'118514606128',UCdg2ybvoHsSW6t7iJnKHlNg,29766367,,repsamgraves,
B001230,'01558',400013,SenatorBaldwin,senatortammybaldwin,UC_XjYCRbbI2_TDDjJidwk0Q,1074518754,witammybaldwin,senatorbaldwin,
W000810,'02008',412416,RepRobWoodall,RepRobWoodall,UC7MSlu8zV6Mf8wYzek2Cb-w,2382685057,RobWoodallGA07,reprobwoodall,
W000816,'02165',412578,RepRWilliams,RepRogerWilliams,UCBtfmMMQarjtLB9U_pWMOhw,1077446982,,,
D000598,'01641',400097,RepSusanDavis,RepSusanDavis,UCUni9eg-gXv8pZ2WE_YR0bg,432771620,RepSusanADavis,RepSusanDavis,
D000622,'02123',412533,SenDuckworth,SenDuckworth,UCYRWRvUxtjaHnFMCbdd94tg,1058520120,repduckworth,SenDuckworth,1387939090
F000463,'02179',412556,SenatorFischer,senatordebfischer,UCrbEfZaG_WhB0PBHI1hefPQ,1071402577,senatordebfischer,senatorfischer,
H001068,'02101',412511,RepHuffman,RepHuffman,UCJU6SP1ppp1ZhSiqZLiFgDA,1071102246,rephuffman,rephuffman,
H001052,'02026',412434,RepAndyHarrisMD,AndyHarrisMD,UCvUuV7FiJfJi1yux4qozgMg,960962340,RepAndyHarris,,
P000604,'02097',412506,RepDonaldPayne,DonaldPayneJr,UCTG_SeYsOgbngjv1Donyu0w,1155335864,,repdonaldpaynejr,
P000608,'02113',412523,RepScottPeters,RepScottPeters,UCQK77QJxW7Xr-S3zqeMd-0g,1135486501,,repscottpeters,
C001091,'02163',412576,JoaquinCastrotx,'326420614138023',UCsRxWnFdRiV2od1O5v5nEeQ,231510077,JoaquinCastroTX,joaquincastrotx,378492005
W000815,'02152',412564,RepBradWenstrup,RepBradWenstrup,UCaK7SeUvmHdHTMtF3HXb-jA,518644221,repbradwenstrup,repbradwenstrup,305496379
S001191,'02099',412509,SenatorSinema,CongresswomanSinema,UC4NzhW7D4lQdukSGWmFnK9w,1080844782,repsinema,repsinema,
C001075,'01925',412269,SenBillCassidy,,UCCEyGhUzxgkxFzWCY-rxz8g,1017500185356853248,SenatorBillCassidy,,
G000558,'01922',412278,RepGuthrie,CongressmanGuthrie,UCdJhDw-YbdH0RHfWK0sIfiw,1908143071,BrettGuthrie,,
L000578,'02100',412510,RepLaMalfa,RepLaMalfa,UCUzz1XDn862fxirervSB2Yw,1069124515,RepLaMalfa,repdouglamalfa,
C001066,'01839',412195,USRepKCastor,USRepKathyCastor,UC_irxhmLqVenTFPxDxznG6g,1880674038,RepKathyCastor,,
K000367,'01826',412242,SenAmyKlobuchar,,UCvdeJsDsV51tFb_hVqvtYGA,22044727,senatorklobuchar,,
C001097,'02107',412517,RepCardenas,repcardenas,UCm6ug1-yvYGL0F6DvYxfFBA,1222257180,repcardenas,repcardenas,1483357690
P000607,'02171',412585,RepMarkPocan,repmarkpocan,UCz5b47WER_u3dUGV_Zi70dQ,1206227149,repmarkpocan,repmarkpocan,1422301608
V000130,'02112',412522,RepJuanVargas,RepJuanVargas,UCpMthf8y7bEMJH_td0dznRQ,1260172386,RepJuanVargas,repjuanvargas,
K000384,'02176',412582,,SenatorKaine,UC27LgTZlUnBQoNEQFZdn9LA,,SenatorTimKaine,,
S001194,'02173',412507,SenBrianSchatz,SenBrianSchatz,UC8-mSYp2WqBiB_5iwtwKfow,1262099252,senbrianschatz,,
S001168,,412212,RepSarbanes,RepSarbanes,UCCypi0IDTr-XxlAXsJCdBZQ,364415553,RepJohnSarbanes,,
B001285,,412516,RepBrownley,RepJuliaBrownley,UCFrC4Ouk5R6xQztS9PZin_A,1243902714,RepJuliaBrownley,,
M001184,'02094',,RepThomasMassie,RepThomasMassie,UCpmXOtvvXC3GE8o9VxYNK7g,975200486,repthomasmassie,,
K000385,'02190',,RepRobinKelly,reprobinkelly,UCLhcNPX2nNQLNzwKW0nEykg,1339931490,,reprobinkelly,
G000555,'01866',,GillibrandNY,SenKirstenGillibrand,UCVEloQogVsmnkd5vxJInmYg,899978622416695297,KirstenEGillibrand,,
R000584,'01896',412322,SenatorRisch,senatorjimrisch,UCncKW8xyT5UbPNO27YuQnBA,1096059529,SenatorJamesRisch,,
B001281,'02153',412565,RepBeatty,RepJoyceBeatty,UCtVl3kb7Xvt3pY7l6x-M6LA,1531521632,,repbeatty,554027718
S001203,,412742,SenTinaSmith,USSenTinaSmith,,941000686275387392,,,
S001195,'02191',412596,RepJasonSmith,repjasonsmith,UCzj9-27Lr4gcqopmZAobXXg,1623308912,RepJasonSmith,,
S000522,'01071',400380,RepChrisSmith,RepChrisSmith,UCtCNUDo3-I1gsd_03ppDfZg,1289319271,USRepChrisSmith,,
M001169,'01837',412194,senmurphyoffice,chrismurphyct,UCbcEa40PIFpLpdDe06n3F3Q,2853793517,senchrismurphy,,
B001288,'02194',412598,SenBooker,,UC6FlymqNS1VettnVZa7goPA,2167097881,SenCoryBooker,,
C001101,'02196',412600,RepKClark,CongresswomanClark,UCgaI52w7QKI8LtkSeCCmSuw,2293131060,,repkclark,
B001289,'02197',412601,RepByrne,RepByrne,UCRUXmqQbrKo0T6xi_GT7TEA,2253968388,,repbyrne,944262792
N000189,'02275',412660,RepNewhouse,RepNewhouse,UCllbsv_aoIaPS6W3aSonZlw,2930635215,,,
L000583,'02238',412624,RepLoudermilk,reploudermilk,UC2Kfw8fjca8k3w3KpzL5tNg,2914163523,,RepLoudermilk,
C001103,'02236',412622,RepBuddyCarter,congressmanbuddycarter,UCHQm49T6ikD_ioMAt50AwKQ,2973870195,,,
B001295,'02243',412629,RepBost,RepBost,UCYA1psY06vSf3QadHuCrmjQ,2964877294,,,
A000370,'02201',412607,RepAdams,CongresswomanAdams,UCPI9ao1Cr1nxEUD2r-usRjQ,2916086925,,repadams,
M001194,'02248',412634,RepMoolenaar,RepMoolenaar,UCnMvVN4a8roZu4crE0UW2DA,2696643955,,RepMoolenaar,
S001196,'02263',412648,RepStefanik,RepEliseStefanik,UCHvf42C8Vw6QnjwO2L2ukKA,2962813893,,,
R000603,'02256',412641,RepDavidRouzer,RepRouzer,UCBvOxpqoGi1HlHjX9v_gHZw,834069080,,repdavidrouzer,
P000609,'02221',412608,USRepGaryPalmer,CongressmanGaryPalmer,UCYZfP-cNIvlJY3AcAc9OPpQ,2861616083,,repgarypalmer,1551536636
E000294,'02253',412639,RepTomEmmer,reptomemmer,,2914515430,RepTomEmmer,reptomemmer,1565640999
A000374,'02244',412630,RepAbraham,CongressmanRalphAbraham,,2962891515,,,
Z000017,'02261',412646,RepLeeZeldin,RepLeeZeldin,UCHzZuesCPDka2NhZO8icqzA,2750127259,,,
K000386,'02264',412649,RepJohnKatko,RepJohnKatko,,2966765501,,,
W000821,'02224',412610,RepWesterman,RepWesterman,UCNshPbmupCwP5a7Hi79jETQ,2852998461,,,
H001072,'02223',412609,RepFrenchHill,RepFrenchHill,UCT8uWroJtkwSsCJlVg0IKvQ,2953974395,,repfrenchhill,
B001291,'02270',412655,RepBrianBabin,RepBrianBabin,UCPVEZgw-VbDRbLV1MRGVQNQ,2929491549,,,
M001195,'02277',412662,RepAlexMooney,CongressmanAlexMooney,UCw9CGkF4Re3areluI43TGyA,2964526557,,repalexmooney,
B001297,'02233',412619,RepKenBuck,repkenbuck,UCHK7Wcwij7NoxXGTeSHUWzg,2862577383,,repkenbuck,
R000602,'02262',412647,RepKathleenRice,RepKathleenRice,UCLYLmjrGtzzCFXMWPBxHAug,2970462034,,,
D000624,'02251',412637,RepDebDingell,RepDebbieDingell,UCnoP3KLT-HOvzDfC1-I-9lQ,2970279814,,repdingell,
T000474,'02231',412617,NormaJTorres,RepNormaTorres,UCvWY4qKP6--o3pIJY7hhKDg,236279233,,repnormatorres,
S001197,'02289',412671,SenSasse,SenatorSasse,UCYaNGwcM2Dl5yDcDqS6xV2g,2962923040,,senatorsasse,1636974433
S001198,'02290',412665,SenDanSullivan,SenDanSullivan,UC7tXCm8gKlAhTFo2kuf5ylw,2891210047,,sen_dansullivan,1660873387
A000372,'02239',412625,reprickallen,CongressmanRickAllen,UCZPoYXHFDAV17BGLMzGAmpg,2964287128,,Rep_RickAllen,1666787116
R000605,'02288',412669,SenatorRounds,SenatorMikeRounds,UC-pvzimyBdpdkcIfsicrfrQ,2955485182,,,
B001296,'02267',412652,CongBoyle,CongressmanBoyle,UCMP_Anj7lz4eZuSh8GwFqQQ,4304448314,,,
H001071,'02237',412623,congressmanhice,CongressmanJodyHice,UCzUMsS8DusN2QLpgweFthgQ,2975091705,,rep_hice,
A000371,'02229',412615,reppeteaguilar,reppeteaguilar,UCxwbFLOlKDsXrwizV5jah7g,3018670151,,,
G000574,'02226',412612,RepRubenGallego,RepRubenGallego,,2966570782,,reprubengallego,
P000612,'02286',412666,sendavidperdue,SenatorDavidPerdue,UCXHsrkPP4TAm0s0qB1C31Lw,2863210809,,sendavidperdue,1650058430
P000610,'02274',412659,staceyplaskett,repstaceyplaskett,UC3V7biFZHDFHDFZy6cCSZUA,2724095695,,stacey_plaskett,
W000822,'02259',412644,RepBonnie,RepBonnie,UCrxEaX0VKZKwg3930du2D5A,2968451607,,repbonnie,
H001073,'02269',412654,hurdonthehill,HurdOnTheHill,UCjWcn2lgGCZbwPs6lKxlziQ,2963445730,,hurdonthehill,
L000582,'02230',412616,RepTedLieu,RepTedLieu,UC9qcJxTqfDNBnVul1IojlFg,3044993235,,RepTedLieu,
G000577,'02245',412631,RepGarretGraves,CongressmanGarretGraves,UCQLg9GGwTDluEFJtXf8seTA,2951574214,,instagravesla,
D000623,'02227',412613,RepDeSaulnier,RepMarkDeSaulnier,,2968007206,,repdesaulnier,
W000819,'02255',412670,RepMarkWalker,RepMarkWalker,UC2w0KJe43jr0Hlhi6J5smhg,2966205003,,repmarkwalker,1638422078
M001196,'02246',412632,teammoulton,CongressmanSethMoulton,UC5w5qn7nj5Ljy69LTV7a_fQ,3091316093,,repmoulton,
B001292,'02272',412657,RepDonBeyer,RepDonBeyer,UCPJGVbOVcAVGiBwq8qr_T9w,2962868158,,repdonbeyer,
G000576,'02276',412661,RepGrothman,RepGrothman,UCui4k83Cot4aeVW_8T33fgg,2976606250,,,
N000188,'02202',412606,DonaldNorcross,DonaldNorcrossNJ,UC7kXK_PyDiOT8YrdP0jYZHw,3122099613,,donald_norcross,
L000581,'02252',412638,RepLawrence,'395759603917487',UCf0USy9GNigkB8O9sS1dodw,2863006655,,repbrendalawrence,
K000388,,412673,reptrentkelly,reptrentkelly,UCtDrz-8tdg4ZgOAQHToSWaQ,3317799825,,reptrentkelly,
L000585,'02295',412674,RepLaHood,replahood,UCVRbtFwaBGcixZIkygtalRw,3686482216,,,
B001299,,412702,RepJimBanks,RepJimBanks,UC_FR6TySW9uxvhjozkis6Xg,816131319033950208,,repjimbanks,
D000627,,412696,RepValDemings,RepresentativeValDemings,UCkcshqwFNJG6XeduOforhig,798973032362606600,,repvaldemings,
B001303,,412689,RepLBR,Rep.BluntRochester,,817050219007328258,,,
R000606,,412708,repraskin,repraskin,UChxDE6vho5BfBTOqiBsDmKg,806906355214852096,,repraskin,
P000613,,412685,RepJimmyPanetta,RepJimmyPanetta,UCmw-aERG51C96edMDPN7fXQ,796736612554117120,,repjimmypanetta,
C001111,,412697,repcharliecrist,RepCharlieCrist,,816030424778543104,,repcharliecrist,
D000628,,412691,drnealdunnfl2,drnealdunnfl2,UCRTGfrYP-RuDzJ2KGok7TRA,815952318487298048,,,
B001300,,412687,RepBarragan,CongresswomanBarragan,,816833925456789505,,repbarragan,
B001302,,412683,RepAndyBiggsAZ,RepAndyBiggs,UCqSq9kWOxk9yNTeILBCVC1w,816652616625168388,,repandybiggs,
M001199,,412698,repbrianmast,repbrianmast,,814103950404239360,repbrianmast,RepBrianMast,
M001200,,412728,RepMcEachin,RepMcEachin,UCMoPYHuZ3fZho0ZixZCfiFg,816181091673448448,,repmceachin,
D000626,'02296',412675,WarrenDavidson,CongressmanWarrenDavidson,UCMzuyZWzk44YRNesFzPTeUw,742735530287304704,,instawarrendavidson,
F000465,,412700,RepDrewFerguson,RepDrewFerguson,UCuK7_j2sREWi_7wBAN477bg,806583915012046854,,repdrewferguson,
G000581,,412725,RepGonzalez,USCongressmanVicenteGonzalez,UC5H6oYLKQ_xIXO5CG7fh4hw,818536152588238849,,repvicentegonzaleztx,
G000583,,412714,RepJoshG,RepJoshG,,815310506596691968,,RepJoshG,
C001113,,412681,sencortezmasto,SenatorCortezMasto,UCip_83SiKUqwnUT57VOXrCg,811313565760163844,,,
K000389,,412684,RepRoKhanna,RepRoKhanna,UCr4KOYv1o1oEQhy1jhhm3pQ,816298918468259841,,reprokhanna,
G000582,,412723,repjenniffer,RepJennifferGonzalezColon,UCZj99h3-GNKjGGeyp7AJeXw,819744763020775425,,,
M001202,,412694,RepStephMurphy,RepStephMurphy,,796183515998068736,RepStephMurphy,RepStephMurphy,
H001074,,412703,reptrey,reptrey,UCTgS8a_zLg8HpUnk5WXY5ag,811986281177772032,,,
A000375,,412726,RepArrington,JodeyArrington,,816284664658874368,,repjodeyarrington,
C001109,,412732,RepLizCheney,replizcheney,UCvL57Zp99QdDllF-KGziUAA,816719802328715264,,,
C001112,,412686,RepCarbajal,repsaludcarbajal,,816157667882373120,repcarbajal,repcarbajal,
S001201,,412717,RepTomSuozzi,RepTomSuozzi,UCHjLmETJ7qXtciV7dlAzzgQ,816705409486618624,,,
S001190,'02124',412534,repschneider,CongressmanBradSchneider,,1071840474,RepBradSchneider,repschneider,
B001305,,412712,RepTedBudd,RepTedBudd,,817138492614524928,,,
J000298,,412730,RepJayapal,RepJayapal,UCmyD0_-2Oowkfwc_Raghclw,815733290955112448,,repjayapal,
F000466,,412721,repbrianfitz,repbrianfitzpatrick,UCYMNcgHss4_Q5JY2vSvMpgw,816303263586914304,,repbrianfitz,
O000171,,412682,repohalleran,repohalleran,,808416682972770304,,repohalleran,
R000607,,412699,RepRooney,RepRooney,UC5dLBbrW1JwIGs9h248lk6g,816111677917851649,,RepFrancisRooney,
K000393,,412679,SenJohnKennedy,JohnKennedyLouisiana,,816683274076614656,,SenJohnKennedy,
L000586,,412693,RepAlLawsonJr,RepAlLawsonJr,,818472418620608512,,,
M001201,,412710,RepPaulMitchell,reppaulmitchell,UCisQXodHJRZDaLtFMq_TzWg,811632636598910976,,reppaulmitchell,
K000391,,412701,congressmanraja,congressmanraja,,814179031956488192,,congressmanraja,
H001076,,412680,Senatorhassan,SenatorHassan,,946549322,,,
E000297,,412718,RepEspaillat,RepEspaillat,UCi0niBYFhEY70Dz8InbX5OQ,817076257770835968,,repadrianoespaillat,
K000392,,412724,repdavidkustoff,RepDavidKustoff,UCK6U4plOKKMrCjv_h59spGQ,816012124505931780,,repdavidkustoff,
G000578,,412690,RepMattGaetz,CongressmanMattGaetz,UClqXcJew_A3s8qiX-T4a9CA,818948638890217473,,Congressman_Matt_Gaetz,
S001200,,412695,RepDarrenSoto,CongressmanDarrenSoto,,818713465653051392,repdarrensoto,RepDarrenSoto,
B001301,,412709,RepJackBergman,RepJackBergman,,815241612154417152,RepJackBergman,RepJackBergman,
G000579,,412731,RepGallagher,RepMikeGallagher,,815966620300480514,,,
C001108,,412676,RepJamesComer,congressmancomer,,1274852794206388225,,congressmancomer,
M001198,,412704,RepMarshall,rogermarshallmd,UCR3nOFMqBB-kRpKFwgapMaQ,752364246218862592,,repmarshall,
E000296,,412677,RepDwightEvans,RepDwightEvans,,90639372,,repdwightevans,
R000609,,412692,RepRutherfordFL,RepRutherfordFL,,828977216595849216,,,
J000299,,412706,RepMikeJohnson,RepMikeJohnson,UCzqBEpeIaDEfvAtsA53Fx2Q,827279765287559171,,RepMikeJohnson,
R000608,,412715,SenJackyRosen,RepJackyRosen,,818554054309715969,,repjackyrosen,
C001110,,412688,reploucorrea,RepLouCorrea,UCIKJJp4QJIDjnjodc23qKkw,815985039485837312,,reploucorrea,
B001298,,412713,repdonbacon,RepDonBacon,UCR9abI1lZzAZ6HwQXc-dLFQ,818975124460335106,,RepDonBacon,
S001199,,412722,RepSmucker,RepSmucker,UCs5iMvWy-oTHyf5HuwB7FCg,41417564,,,
H001075,,412678,SenKamalaHarris,SenatorKamalaHarris,UCe1ciA1TDa5F9K6Ufr_6Fsw,803694179079458816,,,
H001077,,412705,RepClayHiggins,CongressmanClayHiggins,,843636970538618880,,RepClayHiggins,
B001304,,412707,RepAnthonyBrown,RepAnthonyBrown,,823552974253342721,RepAnthonyBrown,RepAnthonyBrown,
E000298,,412735,RepRonEstes,RepRonEstes,UC2clc28qcehIqotHQcthnWA,854715071116849157,,RepRonEstes,
G000585,,412739,RepJimmyGomez,RepJimmyGomez,,2371339658,,,
N000190,,412738,RepRalphNorman,RepRalphNorman,,880480631108644864,,,
L000589,,412745,RepDLesko,RepDebbieLesko,,996094929733652481,,,
C001114,,412740,RepJohnCurtis,RepJohnCurtis,UChAQ4MD-HigmGnImSoAKBVA,931614483050414080,,repjohncurtis,
H001079,,412743,SenHydeSmith,,UCJHxkJhGST0NTlkzJHWV03Q,983348251972816896,,sencindyhydesmith,
L000588,,412744,RepConorLamb,RepConorLamb,UC7hX59n_ixS1Bz3f8Je02yA,984456621417000960,,,
G000584,,412736,,RepGianforte,UCj4ocM2PHNKBbmMQF8k-wsQ,,,,
C001115,,412746,RepCloudTX,,,1039879658400112640,,,
H001080,,412800,RepDebHaaland,,,1080695666760929280,,,
A000377,,412794,RepArmstrongND,,,1080515866255593472,,,
R000616,,412759,RepHarley,,,1075080722241736704,,,
S001212,,412792,RepPeteStauber,,,1075830599007510535,,,
L000591,,412830,RepElaineLuria,,,1080292515939565568,,,
B001306,,412747,RepBalderson,,,1037341536592310272,,,
A000376,,,RepColinAllred,,,1078355119920562176,,,
C001118,,,RepBenCline,,,1072158357237174272,,,
C001122,,,RepCunningham,,,1080198683713507335,,,
D000630,,,repdelgado,,,1080485692298444800,,,
H001066,,412559,RepHorsford,,,389840566,,,
H001082,,412748,repkevinhern,,,1067818539179024386,,,
L000593,,,RepMikeLevin,,,1072134139560620033,,,
M001206,,412749,RepJoeMorelle,,,1064595993222615040,,,
N000191,,,RepJoeNeguse,,,1078749802765139968,,,
S001209,,,RepSpanberger,,,1078771401497161728,,,
S001213,,,RepBryanSteil,,,1075205691621720064,,,
W000826,,412751,RepSusanWild,,,1069636653353000962,,,
R000615,,,SenatorRomney,,,1078693601356509184,,,
M001197,,,SenMcSallyAZ,,,2964949642,,,
A000378,,,RepCindyAxne,,,1080865917377097728,,,
B001309,,,RepTimBurchett,,,1028854804087492613,,,
C001119,,,RepAngieCraig,,,1080222360643485698,,,
C001120,,,RepDanCrenshaw,,,1080894931311431682,,,
C001121,,,RepJasonCrow,,,1080191866509901826,,,
C001124,,,RepTjCox,,,1080875913926139910,,,
D000629,,,RepDavids,,,1080516116395499522,,,
B001310,,,SenatorBraun,,,1080870981877534720,,,
E000299,,,RepEscobar,,,1075517806551154689,,,
F000468,,,RepFletcher,,,1075904377221722113,,,
F000469,,,RepRussFulcher,,,1078741899572240384,,,
G000587,,,RepSylviaGarcia,,,1080587263132733442,,,
G000590,,,RepMarkGreen,,,1080477288955826176,,,
G000592,,,repgolden,,,1080891667308298240,,,
H001085,,,RepHoulahan,,,1052896620797460481,,,
H001090,,,RepJoshHarder,,,1080851152151953410,,,
J000301,,,RepDustyJohnson,,,1074782372594413569,,,
L000590,,,RepSusieLee,,,1079061579973439488,,,
L000592,,,RepAndyLevin,,,1080277407867772930,,,
M001204,,,RepMeuser,,,1080574793630527505,,,
M001209,,,RepBenMcAdams,,,196362083,,,
P000616,,,RepDeanPhillips,,,1061310112013434882,,,
P000617,,,RepPressley,,,1080584229510172678,,,
R000611,,,RepRiggleman,,,1080504024695222273,,,
R000613,,,RepMaxRose,,,1078692057940742144,,,
S001206,,,RepShalala,,,1060584809095925762,,,
S001207,,,RepSherrill,,,1080569698536878081,,,
S001208,,,RepSlotkin,,,1078401427347857408,,,
S001211,,,RepGregStanton,,,1080885078425784320,,,
S001215,,,RepHaleyStevens,,,1076161611033968640,,,
S001216,,,RepKimSchrier,,,1080462532815532032,,,
T000479,,,RepVanTaylor,,,1075040139351597056,,,
T000480,,,RepTimmons,,,1079770852302958592,,,
T000481,,,RepRashida,,,1079769536730140672,,,
T000482,,,RepLoriTrahan,,,1079802482640019456,,,
T000483,,,repdavidtrone,,,1080573351914061825,,,
T000484,,,RepTorresSmall,,,1080830346915209216,,,
U000040,,,RepUnderwood,,,1080539438508400642,,,
W000825,,,RepWexton,,,1017819745880543238,,,
W000827,,,RepRonWright,,,1080854935535800320,,,
K000368,,,RepKirkpatrick,,,1081240074946252801,,,
H001081,,,RepJahanaHayes,,,1082086081238102018,,,
F000467,,,RepFinkenauer,,,1081256295469068288,,,
D000631,,,RepDean,,,567508925,,,
C001123,,,RepGilCisneros,,,1080986167003230208,,,
B001308,,,RepBrindisi,,,1080978331535896576,,,
P000614,,,RepChrisPappas,,,1067748650485497862,,,
P000618,,,RepKatiePorter,,,1081222837459996672,,,
R000612,,,RepJohnRose,,,1081312310059253763,,,
S001205,,,RepMGS,,,1067541214671577093,,,
O000172,,,RepAOC,,,1079104563280527364,,,
M001207,,,RepDMP,,,1080941062028447744,,,
J000302,,,RepJohnJoyce,,,1082311988926124036,,,
G000591,,,RepMichaelGuest,,,1081243468327018496,,,
C001117,,,RepCasten,,,1083472286089396224,,,
H001083,,,RepKendraHorn,,,1083019402046513152,,,
M001203,,,RepMalinowski,,,1080898026418384897,,,
M001205,,,RepCarolMiller,,,1081318716573470720,,,
M001208,,,replucymcbath,,,1082380458976051202,,,
P000615,,,RepGregPence,,,1082369392229400576,,,
R000614,,,RepChipRoy,,,1082790600292925440,,,
S001214,,,RepGregSteube,,,1083125649609506816,,,
W000823,,,RepMichaelWaltz,,,1082416697380913152,,,
G000586,,,RepChuyGarcia,,,1082427779583541248,,,
H001088,,,RepHagedorn,,,1083474782602125318,,,
K000394,,,RepAndyKimNJ,,,1078771848882593793,,,
B001307,,,RepJimBaird,,,1086316494450032640,,,
G000588,,,RepAGonzalez,,,1054381765224210432,,,
G000589,,,RepLanceGooden,,,412595957,,,
R000610,,,GReschenthaler,,,4205133682,,,
S001210,,,RepRossSpano,,,1090328229548826627,,,
W000824,,,Rep_Watkins,,,1080307235350241280,,,
O000173,,,Ilhan,,,1082334352711790593,,,
C001055,,,RepEdCase,,,1081350574589833221,,,
H001089,,,SenHawleyPress,,,1080960924687704064,,,
V000133,,,CongressmanJVD,,,1083469084648505344,,,
K000395,,412843,RepFredKeller,CongressmanFredKeller,UC_IluBx9m7HWoNhEYSoPQNQ,1136060761422405633,,repfredkeller,
S001204,,412770,GuamCongressman,CongressmanMichaelF.Q.SanNicolas,UCVroMJWH3jsh4shPSlp24sw,346509049,,michael.fq.san.nicolas,
L000594,,456790,SenatorLoeffler,SenLoeffler,,1200451909406121984,,,
B001311,,412844,RepDanBishop,repdanbishop,,1176522535531360257,,,
G000061,,456792,repmikegarcia,RepMikeGarcia,,1262531473057423361,,,
M000687,,407672,RepKweisiMfume,RepKweisiMfume,,1276209702322438148,,,
M001210,,412845,RepGregMurphy,RepGregMurphy,,1173978070535024642,,,
